"0","ebola_data %>% "
"0","  filter(hospital != ""Missing"") %>% "
"0","  count(hospital) %>% "
"0","  mutate(porcentaje = 100 * n / sum(n)) %>% "
"0","  ggplot(aes(y = fct_rev(fct_reorder(hospital, porcentaje)), x = porcentaje, fill = hospital)) + "
"0","  geom_col() + "
"0","  labs(x = ""Porcentaje (%)"", "
"0","       y = ""Hospitales"", "
"0","       title = """", "
"0","       caption = ""Fuente: Datos de Epihandbook."") + "
"0","  theme_bw() +                      # Configurar tema completo"
"0","  theme(legend.position = ""none"")   # Quita leyenda"
