{"chunk_definitions":[{"row":16,"row_count":1,"visible":true,"expansion_state":0,"options":{"engine":"r","label":"unnamed-chunk-112"},"document_id":"680F7C3E","chunk_id":"c57s4fzj656hh","chunk_label":"unnamed-chunk-1"},{"row":22,"row_count":1,"visible":true,"expansion_state":0,"options":{"engine":"r","label":"unnamed-chunk-2"},"document_id":"680F7C3E","chunk_id":"cfdhm9x59s83b","chunk_label":"unnamed-chunk-2"},{"row":29,"row_count":1,"visible":true,"expansion_state":0,"options":{"engine":"r","label":"unnamed-chunk-3"},"document_id":"680F7C3E","chunk_id":"c52hl7bx8kn1a","chunk_label":"unnamed-chunk-3"},{"row":34,"row_count":1,"visible":true,"expansion_state":0,"options":{"engine":"r","label":"unnamed-chunk-12"},"document_id":"680F7C3E","chunk_id":"ckt7cqwitcbcl","chunk_label":"unnamed-chunk-4"},{"row":42,"row_count":1,"visible":true,"expansion_state":0,"options":{"engine":"r","label":"unnamed-chunk-14"},"document_id":"680F7C3E","chunk_id":"cfbavspy1v58x","chunk_label":"unnamed-chunk-5"},{"row":54,"row_count":1,"visible":true,"expansion_state":0,"options":{"engine":"r","label":"unnamed-chunk-17"},"document_id":"680F7C3E","chunk_id":"clcqm6uccesj6","chunk_label":"unnamed-chunk-6"},{"row":63,"row_count":1,"visible":true,"expansion_state":0,"options":{"engine":"r","label":"unnamed-chunk-18"},"document_id":"680F7C3E","chunk_id":"cbo46ts9fh3ph","chunk_label":"unnamed-chunk-7"},{"row":73,"row_count":1,"visible":true,"expansion_state":0,"options":{"engine":"r","label":"unnamed-chunk-22"},"document_id":"680F7C3E","chunk_id":"cd01mzsco8ssg","chunk_label":"unnamed-chunk-8"},{"row":83,"row_count":1,"visible":true,"expansion_state":0,"options":{"engine":"r","label":"unnamed-chunk-23"},"document_id":"680F7C3E","chunk_id":"c6d9di54gaver","chunk_label":"unnamed-chunk-9"},{"row":93,"row_count":1,"visible":true,"expansion_state":0,"options":{"engine":"r","label":"unnamed-chunk-25"},"document_id":"680F7C3E","chunk_id":"cl09rkptcaunj","chunk_label":"unnamed-chunk-10"},{"row":99,"row_count":1,"visible":true,"expansion_state":0,"options":{"engine":"r","label":"unnamed-chunk-29"},"document_id":"680F7C3E","chunk_id":"c16h1uw6o1wr2","chunk_label":"unnamed-chunk-11"},{"row":114,"row_count":1,"visible":true,"expansion_state":0,"options":{"engine":"r","label":"unnamed-chunk-36"},"document_id":"680F7C3E","chunk_id":"c6vdb2ziazno3","chunk_label":"unnamed-chunk-12"},{"row":120,"row_count":1,"visible":true,"expansion_state":0,"options":{"engine":"r","label":"unnamed-chunk-37"},"document_id":"680F7C3E","chunk_id":"czcs7gxm9mvs8","chunk_label":"unnamed-chunk-13"},{"row":128,"row_count":1,"visible":true,"expansion_state":0,"options":{"engine":"r","label":"unnamed-chunk-40"},"document_id":"680F7C3E","chunk_id":"c17j0ofdd0pg4","chunk_label":"unnamed-chunk-14"},{"row":139,"row_count":1,"visible":true,"expansion_state":0,"options":{"engine":"r","label":"unnamed-chunk-41"},"document_id":"680F7C3E","chunk_id":"cofdifb98h16u","chunk_label":"unnamed-chunk-15"},{"row":148,"row_count":1,"visible":true,"expansion_state":0,"options":{"engine":"r","label":"unnamed-chunk-42"},"document_id":"680F7C3E","chunk_id":"ct5wtajs9msm9","chunk_label":"unnamed-chunk-16"},{"row":158,"row_count":1,"visible":true,"expansion_state":0,"options":{"engine":"r","label":"unnamed-chunk-45"},"document_id":"680F7C3E","chunk_id":"cq3j497jf33cs","chunk_label":"unnamed-chunk-17"},{"row":168,"row_count":1,"visible":true,"expansion_state":0,"options":{"engine":"r","label":"unnamed-chunk-46"},"document_id":"680F7C3E","chunk_id":"czof29o2b2fli","chunk_label":"unnamed-chunk-18"},{"row":183,"row_count":1,"visible":true,"expansion_state":0,"options":{"engine":"r","label":"unnamed-chunk-49"},"document_id":"680F7C3E","chunk_id":"cuowujqj8bdcc","chunk_label":"unnamed-chunk-19"},{"row":199,"row_count":1,"visible":true,"expansion_state":0,"options":{"engine":"r","label":"unnamed-chunk-51"},"document_id":"680F7C3E","chunk_id":"chnjz2h96ib4b","chunk_label":"unnamed-chunk-20"},{"row":212,"row_count":1,"visible":true,"expansion_state":0,"options":{"engine":"r","label":"unnamed-chunk-58"},"document_id":"680F7C3E","chunk_id":"c0arlfcx9tn0k","chunk_label":"unnamed-chunk-21"},{"row":224,"row_count":1,"visible":true,"expansion_state":0,"options":{"engine":"r","label":"unnamed-chunk-59"},"document_id":"680F7C3E","chunk_id":"c5s78e5hvmrat","chunk_label":"unnamed-chunk-22"},{"row":234,"row_count":1,"visible":true,"expansion_state":0,"options":{"engine":"r","label":"unnamed-chunk-63"},"document_id":"680F7C3E","chunk_id":"c4zh60pxci42q","chunk_label":"unnamed-chunk-23"},{"row":252,"row_count":1,"visible":true,"expansion_state":0,"options":{"engine":"r","label":"unnamed-chunk-67"},"document_id":"680F7C3E","chunk_id":"ck3xa7spckik8","chunk_label":"unnamed-chunk-24"},{"row":264,"row_count":1,"visible":true,"expansion_state":0,"options":{"engine":"r","label":"unnamed-chunk-73"},"document_id":"680F7C3E","chunk_id":"cmtmvmlmvntgk","chunk_label":"unnamed-chunk-25"},{"row":274,"row_count":1,"visible":true,"expansion_state":0,"options":{"engine":"r","label":"unnamed-chunk-74"},"document_id":"680F7C3E","chunk_id":"cv3ock7wxpsr5","chunk_label":"unnamed-chunk-26"},{"row":285,"row_count":1,"visible":true,"expansion_state":0,"options":{"engine":"r","label":"unnamed-chunk-78"},"document_id":"680F7C3E","chunk_id":"c1nhe0aowrpd9","chunk_label":"unnamed-chunk-27"},{"row":298,"row_count":1,"visible":true,"expansion_state":0,"options":{"engine":"r","label":"unnamed-chunk-80"},"document_id":"680F7C3E","chunk_id":"cg72ib3gqzs67","chunk_label":"unnamed-chunk-28"},{"row":314,"row_count":1,"visible":true,"expansion_state":0,"options":{"engine":"r","label":"unnamed-chunk-87"},"document_id":"680F7C3E","chunk_id":"crj7y1el9jcq6","chunk_label":"unnamed-chunk-29"},{"row":325,"row_count":1,"visible":true,"expansion_state":0,"options":{"engine":"r","label":"unnamed-chunk-88"},"document_id":"680F7C3E","chunk_id":"c6dqoggn1kouq","chunk_label":"unnamed-chunk-30"},{"row":339,"row_count":1,"visible":true,"expansion_state":0,"options":{"engine":"r","label":"unnamed-chunk-90"},"document_id":"680F7C3E","chunk_id":"c723xtjr6jpzq","chunk_label":"unnamed-chunk-31"},{"row":350,"row_count":1,"visible":true,"expansion_state":0,"options":{"engine":"r","label":"unnamed-chunk-97"},"document_id":"680F7C3E","chunk_id":"c5jwcf6cc3fm8","chunk_label":"unnamed-chunk-32"},{"row":363,"row_count":1,"visible":true,"expansion_state":0,"options":{"engine":"r","label":"unnamed-chunk-108"},"document_id":"680F7C3E","chunk_id":"cvimqf16i5bmt","chunk_label":"unnamed-chunk-33"},{"row":374,"row_count":1,"visible":true,"expansion_state":0,"options":{"engine":"r","label":"unnamed-chunk-114"},"document_id":"680F7C3E","chunk_id":"cwlu8fpgk8kdg","chunk_label":"unnamed-chunk-34"}],"doc_write_time":1659818282,"chunk_rendered_width":700}